Workbook

Sheet precios_base
A1: PRECIOS BASE — PRODUCTOS LISOS (sin personalización)
A2: Completar celdas amarillas con precio por unidad en pesos. Dejar vacío si no aplica.
A3: producto | B3: variante/detalle | C3: cantidad_min | D3: cantidad_max | E3: precio_unitario_$ | F3: % desc
A4: remera | B4: algodón | C4: 50 | D4: 99 | E4: 13900
A5: remera | B5: algodón | C5: 100 | D5: 199 | E5: 13900
A6: remera | B6: algodón | C6: 200 | D6: 499 | E6: 12900
A7: remera | B7: algodón | C7: 500 | D7: 999 | E7: 12900
A8: remera negra | B8: algodón | C8: 50 | D8: 99 | E8: 13900
A9: remera negra | B9: algodón | C9: 100 | D9: 199 | E9: 13900
A10: remera negra | B10: algodón | C10: 200 | D10: 499 | E10: 12900
A11: remera negra | B11: algodón | C11: 500 | D11: 999 | E11: 12900
A12: remera vintage | B12: algodón | C12: 50 | D12: 99 | E12: 17999
A13: remera vintage | B13: algodón | C13: 100 | D13: 199 | E13: 16999
A14: remera vintage | B14: algodón | C14: 200 | D14: 499 | E14: 15999
A15: remera vintage | B15: algodón | C15: 500 | D15: 999 | E15: 14999
... A19: buzo promocional | B19: algodón total | C19: 500 | D19: 999 | E19: 12999
A20: campera con capucha | C20: 50 | D20: 99 | E20: 19999
A21: campera con capucha | C21: 100 | D21: 199 | E21: 19999
A22: campera con capucha | C22: 200 | D22: 499 | E22: 18999
A23: campera con capucha | C23: 500 | D23: 999 | E23: 17999
A24: gorra | B24: algodón | C24: 50 | D24: 99 | E24: 8999
A25: gorra | B25: algodón | C25: 100 | D25: 199 | E25: 7999
A26: gorra | B26: algodón | C26: 200 | D26: 499 | E26: 7999
A27: gorra | B27: algodón | C27: 500 | D27: 999 | E27: 7999
A28: shopperbag lona | C28: 50 | D28: 99 | E28: 14999
A29: totebag lona | C29: 100 | D29: 199 | E29: 14999
A30: totebag lona | C30: 200 | D30: 499 | E30: 14999
A31: totebag lona | C31: 500 | D31: 999 | E31: 13999
A32: totebag canva beige 40x45 | C32: 50 | D32: 99 | E32: 6999
A33: totebag canva beige 40x45 | C33: 100 | D33: 199 | E33: 6999
A34: totebag canva beige 40x45 | C34: 200 | D34: 499 | E34: 5999
A35: totebag canva beige 40x45 | C35: 500 | D35: 999 | E35: 5999
A36: totebag canva negra 40x45 | C36: 50 | D36: 99 | E36: 7999
A37: totebag canva negra 40x45 | C37: 100 | D37: 199 | E37: 7999
A38: totebag canva negra 40x45 | C38: 200 | D38: 499 | E38: 6999
A39: totebag canva negra 40x45 | C39: 500 | D39: 999 | E39: 6999
... A123: notebook A5 negro 14.2x21.2cm | C123: 500 | D123: 999 | E123: 7990
A124: bolígrafo | C124: 50 | D124: 99
A125: bolígrafo | C125: 100 | D125: 199
A126: bolígrafo | C126: 200 | D126: 299
A127: bolígrafo | C127: 500 | D127: 999
A128: llavero | C128: 50 | D128: 99
A129: llavero | C129: 100 | D129: 199
A130: llavero | C130: 200 | D130: 299
A131: llavero | C131: 500 | D131: 999
A132: seahorse bottle opener | C132: 50 | D132: 99 | E132: 3999
A133: seahorse bottle opener | C133: 100 | D133: 199 | E133: 3999
A134: seahorse bottle opener | C134: 200 | D134: 499 | E134: 3999
A135: seahorse bottle opener | C135: 500 | D135: 999 | E135: 3999
A136: bolsa 5L 23x19cm sin logo | C136: 50 | D136: 99 | E136: 12990
A137: bolsa 5L 23x19cm sin logo | C137: 100 | D137: 199 | E137: 11990
A138: bolsa 5L 23x19cm sin logo | C138: 200 | D138: 499 | E138: 10990
A139: bolsa 5L 23x19cm sin logo | C139: 500 | D139: 999 | E139: 9999
A140: totebag de lienzo | C140: 50 | D140: 99 | E140: 3999
C141: 100 | D141: 199 | E141: 3999
C142: 200 | D142: 499 | E142: 3999
C143: 500 | D143: 999 | E143: 3999
A144: totebag color
C146: 200 | D146: 499 | E146: 6590
C147: 500 | D147: 999 | E147: 5590
A148: totebag personalizado | C148: 50 | D148: 99
C149: 100 | D149: 199
C150: 200 | D150: 499
C151: 500 | D151: 999
A152: totebag con correas personalizadas | C152: 50 | D152: 99
C153: 100 | D153: 199
C154: 200 | D154: 499 | E154: 15999
C155: 500 | D155: 999 | E155: 14999
A156: shopperbag lienzo | C156: 50 | D156: 99 | E156: 6999
C157: 100 | D157: 199 | E157: 6999
C158: 200 | D158: 499 | E158: 5999
C159: 500 | D159: 999 | E159: 5999
A160: shopperbag negra | C160: 50 | D160: 99 | E160: 7999
C161: 100 | D161: 199 | E161: 7999
C162: 200 | D162: 499 | E162: 6999
C163: 500 | D163: 999 | E163: 6999
A164: shopperbag canvas?? | C164: 50 | D164: 99
C165: 100 | D165: 199
C166: 200 | D166: 499
C167: 500 | D167: 999
C168: 50 | D168: 99
C169: 100 | D169: 199
C170: 200 | D170: 499
C171: 500 | D171: 999
C172: 50 | D172: 99
C173: 100 | D173: 199
C174: 200 | D174: 499
C175: 500 | D175: 999
C176: 50 | D176: 99
... C191: 500 | D191: 999
A192: PRODUCTOS NUEVOS — completar precios
A193: termo Stanley Mate System | C193: 50 | D193: 99 | F193: ← completar
A194: termo Stanley Mate System | C194: 100 | D194: 199
A195: termo Stanley Mate System | C195: 200 | D195: 299
A196: termo Stanley Mate System | C196: 500 | D196: en adelante
A197: botella térmica Stanley Flip Straw Tumbler | C197: 50 | D197: 99 | F197: ← completar
A198: botella térmica Stanley Flip Straw Tumbler | C198: 100 | D198: 199
A199: botella térmica Stanley Flip Straw Tumbler | C199: 200 | D199: 299
A200: botella térmica Stanley Flip Straw Tumbler | C200: 500 | D200: en adelante
A201: taza/vaso térmico Stanley Camp Mug | C201: 50 | D201: 99 | F201: ← completar
...

Sheet Copia de precios_base
A1: PRECIOS BASE — PRODUCTOS LISOS (sin personalización)
A2: Completar celdas amarillas con precio por unidad en pesos. Dejar vacío si no aplica.
A3: producto | B3: variante/detalle | C3: cantidad_min | D3: cantidad_max | E3: precio_unitario_$ | F3: % desc
A4: remera | B4: algodón | C4: 50 | D4: 99 | E4: 13900
A5: remera | B5: algodón | C5: 100 | D5: 199 | E5: 13900
A6: remera | B6: algodón | C6: 200 | D6: 499 | E6: 12900
A7: remera | B7: algodón | C7: 500 | D7: 999 | E7: 12900
A8: remera negra | B8: algodón | C8: 50 | D8: 99 | E8: 13900
A9: remera negra | B9: algodón | C9: 100 | D9: 199 | E9: 13900
A10: remera negra | B10: algodón | C10: 200 | D10: 499 | E10: 12900
A11: remera negra | B11: algodón | C11: 500 | D11: 999 | E11: 12900
A12: remera vintage | B12: algodón | C12: 50 | D12: 99 | E12: 17999
A13: remera vintage | B13: algodón | C13: 100 | D13: 199 | E13: 16999
A14: remera vintage | B14: algodón | C14: 200 | D14: 499 | E14: 15999
A15: remera vintage | B15: algodón | C15: 500 | D15: 999 | E15: 14999
... A19: buzo promocional | B19: algodón total | C19: 500 | D19: 999 | E19: 12999
A20: campera con capucha | C20: 50 | D20: 99 | E20: 19999
A21: campera con capucha | C21: 100 | D21: 199 | E21: 19999
A22: campera con capucha | C22: 200 | D22: 499 | E22: 18999
A23: campera con capucha | C23: 500 | D23: 999 | E23: 17999
A24: gorra | B24: algodón | C24: 50 | D24: 99 | E24: 8999
A25: gorra | B25: algodón | C25: 100 | D25: 199 | E25: 7999
A26: gorra | B26: algodón | C26: 200 | D26: 499 | E26: 7999
A27: gorra | B27: algodón | C27: 500 | D27: 999 | E27: 7999
A28: shopperbag lona | C28: 50 | D28: 99 | E28: 14999
A29: totebag lona | C29: 100 | D29: 199 | E29: 14999
A30: totebag lona | C30: 200 | D30: 499 | E30: 14999
A31: totebag lona | C31: 500 | D31: 999 | E31: 13999
A32: totebag canva beige 40x45 | C32: 50 | D32: 99 | E32: 6999
A33: totebag canva beige 40x45 | C33: 100 | D33: 199 | E33: 6999
A34: totebag canva beige 40x45 | C34: 200 | D34: 499 | E34: 5999
A35: totebag canva beige 40x45 | C35: 500 | D35: 999 | E35: 5999
A36: totebag canva negra 40x45 | C36: 50 | D36: 99 | E36: 7999
A37: totebag canva negra 40x45 | C37: 100 | D37: 199 | E37: 7999
A38: totebag canva negra 40x45 | C38: 200 | D38: 499 | E38: 6999
A39: totebag canva negra 40x45 | C39: 500 | D39: 999 | E39: 6999
... A123: notebook A5 negro 14.2x21.2cm | C123: 500 | D123: 999 | E123: 7990
A124: bolígrafo | C124: 50 | D124: 99
A125: bolígrafo | C125: 100 | D125: 199
A126: bolígrafo | C126: 200 | D126: 299
A127: bolígrafo | C127: 500 | D127: 999
A128: llavero | C128: 50 | D128: 99
A129: llavero | C129: 100 | D129: 199
A130: llavero | C130: 200 | D130: 299
A131: llavero | C131: 500 | D131: 999
A132: seahorse bottle opener | C132: 50 | D132: 99 | E132: 3999
A133: seahorse bottle opener | C133: 100 | D133: 199 | E133: 3999
A134: seahorse bottle opener | C134: 200 | D134: 499 | E134: 3999
A135: seahorse bottle opener | C135: 500 | D135: 999 | E135: 3999
A136: bolsa 5L 23x19cm sin logo | C136: 50 | D136: 99 | E136: 12990
A137: bolsa 5L 23x19cm sin logo | C137: 100 | D137: 199 | E137: 11990
A138: bolsa 5L 23x19cm sin logo | C138: 200 | D138: 499 | E138: 10990
A139: bolsa 5L 23x19cm sin logo | C139: 500 | D139: 999 | E139: 9999
A140: totebag de lienzo | C140: 50 | D140: 99 | E140: 3999
C141: 100 | D141: 199 | E141: 3999
C142: 200 | D142: 499 | E142: 3999
C143: 500 | D143: 999 | E143: 3999
A144: totebag color
C146: 200 | D146: 499 | E146: 6590
C147: 500 | D147: 999 | E147: 5590
A148: totebag personalizado | C148: 50 | D148: 99
C149: 100 | D149: 199
C150: 200 | D150: 499
C151: 500 | D151: 999
A152: totebag con correas personalizadas | C152: 50 | D152: 99
C153: 100 | D153: 199
C154: 200 | D154: 499 | E154: 15999
C155: 500 | D155: 999 | E155: 14999
A156: shopperbag lienzo | C156: 50 | D156: 99 | E156: 6999
C157: 100 | D157: 199 | E157: 6999
C158: 200 | D158: 499 | E158: 5999
C159: 500 | D159: 999 | E159: 5999
A160: shopperbag negra | C160: 50 | D160: 99 | E160: 7999
C161: 100 | D161: 199 | E161: 7999
C162: 200 | D162: 499 | E162: 6999
C163: 500 | D163: 999 | E163: 6999
A164: shopperbag canvas?? | C164: 50 | D164: 99
C165: 100 | D165: 199
C166: 200 | D166: 499
C167: 500 | D167: 999
C168: 50 | D168: 99
C169: 100 | D169: 199
C170: 200 | D170: 499
C171: 500 | D171: 999
C172: 50 | D172: 99
C173: 100 | D173: 199
C174: 200 | D174: 499
C175: 500 | D175: 999
C176: 50 | D176: 99
... C191: 500 | D191: 999
A192: PRODUCTOS NUEVOS — completar precios
A193: termo Stanley Mate System | C193: 50 | D193: 99 | F193: ← completar
A194: termo Stanley Mate System | C194: 100 | D194: 199
A195: termo Stanley Mate System | C195: 200 | D195: 299
A196: termo Stanley Mate System | C196: 500 | D196: en adelante
A197: botella térmica Stanley Flip Straw Tumbler | C197: 50 | D197: 99 | F197: ← completar
A198: botella térmica Stanley Flip Straw Tumbler | C198: 100 | D198: 199
A199: botella térmica Stanley Flip Straw Tumbler | C199: 200 | D199: 299
A200: botella térmica Stanley Flip Straw Tumbler | C200: 500 | D200: en adelante
A201: taza/vaso térmico Stanley Camp Mug | C201: 50 | D201: 99 | F201: ← completar
...

Sheet precios_personalizacion
A1: PRECIOS DE PERSONALIZACIÓN — datos del archivo Walter
A2: Celdas amarillas = completar. Celdas con valor = ya cargado del PDF. Este precio se SUMA al precio base.
A3: producto | B3: variante | C3: tecnica | D3: logos / ubicación | E3: colores / diseño / tamaño | F3: cant: 50 | G3: cant: 100 | H3: cant: 200 | I3: cant: 500 | J3: notas
A4: remera | B4: blanca | C4: serigrafia | D4: 1 logo | E4: 1 color | F4: 960 | G4: 850 | H4: 750 | I4: 700
A5: remera | B5: blanca | C5: serigrafia | D5: 1 logo | E5: 2 colores | F5: 1400 | G5: 1360 | H5: 1200 | I5: 1100
A6: remera | B6: blanca | C6: serigrafia | D6: 1 logo | E6: 3 colores | F6: 2200 | G6: 1890 | H6: 1600 | I6: 1450
A7: remera | B7: blanca | C7: serigrafia | D7: 2 logos frente y espalda | E7: 3 colores | F7: 3200 | G7: 2800 | H7: 2600 | I7: 2400
A8: remera | B8: blanca | C8: serigrafia | D8: diseño 30x40 | E8: 3 colores | F8: 3500 | G8: 3000 | H8: 2700 | I8: 2500
A9: remera | B9: blanca | C9: dtf | D9: 1 logo | E9: 1 color | F9: 1200 | G9: 1100 | H9: 900 | I9: 800
A10: remera | B10: blanca | C10: dtf | D10: 1 logo | E10: 2 colores | F10: 1200 | G10: 1100 | H10: 900 | I10: 800
A11: remera | B11: blanca | C11: dtf | D11: 1 logo | E11: full color | F11: 1200 | G11: 1100 | H11: 900 | I11: 800
A12: remera | B12: blanca | C12: dtf | D12: 2 logos frente y espalda | E12: full color | F12: 2200 | G12: 1900 | H12: 1700 | I12: 1500
A13: remera | B13: blanca | C13: dtf | D13: diseño 30x40 | E13: full color | F13: 2000 | G13: 1600 | H13: 1400 | I13: 1300
A14: remera | B14: negra | C14: serigrafia | D14: 1 logo | E14: 1 color | F14: 1300 | G14: 980 | H14: 900 | I14: 840
A15: remera | B15: negra | C15: serigrafia | D15: 1 logo | E15: 2 colores | F15: 2200 | G15: 1600 | H15: 1440 | I15: 1300
A16: remera | B16: negra | C16: serigrafia | D16: 1 logo | E16: 3 colores | F16: 2900 | H16: 1900 | I16: 1750
A17: remera | B17: negra | C17: serigrafia | D17: 2 logos frente y espalda | E17: 3 colores | F17: 3900 | G17: 3150 | H17: 2900 | I17: 2650
A18: remera | B18: negra | C18: serigrafia | D18: diseño 30x40 | E18: 3 colores | F18: 3900 | G18: 3100 | H18: 2900 | I18: 2600
A19: remera | B19: negra | C19: dtf | D19: 1 logo | E19: 1 color | F19: 1200 | G19: 1100 | H19: 900 | I19: 800
A20: remera | B20: negra | C20: dtf | D20: 1 logo | E20: 2 colores | F20: 1200 | G20: 1100 | H20: 900 | I20: 800
A21: remera | B21: negra | C21: dtf | D21: 1 logo | E21: full color | F21: 1200 | G21: 1100 | H21: 900 | I21: 800
A22: remera | B22: negra | C22: dtf | D22: 2 logos frente y espalda | E22: full color | F22: 2400 | G22: 1900 | H22: 1700 | I22: 1500
A23: remera | B23: negra | C23: dtf | D23: diseño 25x35 | E23: full color | F23: 2000 | G23: 1800 | H23: 1600 | I23: 1400
A24: gorra | C24: bordado | D24: 1 logo | F24: =1300*1.21 -> 1573 | G24: =1200*1.21 -> 1452
A25: gorra | C25: bordado | D25: 2 logos | F25: =1900*1.21 -> 2299 | G25: =1800*1.21 -> 2178
A26: gorra | C26: serigrafia | D26: 1 logo | E26: 1 color | F26: 1100 | G26: 980 | H26: 900 | I26: 800
A27: gorra | C27: dtf | D27: 1 logo | E27: 1 color | F27: 1100 | G27: 980 | H27: 800 | I27: 750
A28: piluso | C28: serigrafia | D28: 1 logo | E28: 1 color | F28: 1360 | G28: 980 | H28: 900 | I28: 800
A29: piluso | C29: dtf | D29: 1 logo | E29: 1 color | F29: 1000 | G29: 900 | H29: 800 | I29: 750
A30: piluso | C30: bordado | F30: 1000 | G30: 900
A31: totebag | C31: serigrafia | D31: 1 logo | E31: 1 color | F31: 960 | G31: 850 | H31: 750 | I31: 700
A32: totebag | C32: serigrafia | D32: 1 logo | E32: 2 colores | F32: 1400 | G32: 1360 | H32: 1200 | I32: 1100
A33: totebag | C33: serigrafia | D33: 1 logo | E33: 3 colores o más | F33: 3600 | G33: 3200 | H33: 2900 | I33: 2800
A34: totebag | C34: serigrafia | D34: diseño 25x35 | E34: 3 colores | F34: 2800 | G34: 2800 | H34: 2500 | I34: 2300
A35: totebag | C35: serigrafia | D35: diseño 30x40 | E35: 3 colores | F35: 3100 | G35: 3500 | H35: 3500 | I35: 3200
A36: totebag | C36: dtf | D36: 1 logo | E36: 1 color | F36: 1200 | G36: 1100 | H36: 900 | I36: 800
A37: totebag | C37: dtf | D37: 1 logo | E37: 2 colores | F37: 1200 | G37: 1100 | H37: 900 | I37: 800
A38: totebag | C38: dtf | D38: 1 logo | E38: full color | F38: 1200 | G38: 1100 | H38: 900 | I38: 800
A39: totebag | C39: dtf | D39: 2 logos frente y espalda | E39: full color | F39: 1500 | G39: 1900 | H39: 1700 | I39: 1500
A40: botella/vaso térmico | C40: serigrafia | D40: 1 logo | E40: 1 color | F40: 1000 | G40: 850 | H40: 750 | I40: 700
A41: botella/vaso térmico | C41: serigrafia | D41: 1 logo | E41: 2 colores | F41: 1400 | G41: 1200
A42: botella/vaso térmico | C42: serigrafia | D42: 2 logos | E42: 1 color | F42: 1600 | G42: 1400 | H42: 1300 | I42: 1200
A43: botella/vaso térmico | C43: serigrafia | D43: 2 logos | E43: 2 colores | F43: 2000 | G43: 1800 | H43: 1200 | I43: 1050
A44: botella/vaso térmico | C44: serigrafia | D44: 360° | E44: full color | F44: 3600 | G44: 3000 | H44: 2800 | I44: 2600
A45: botella/vaso térmico | B45: plástico | C45: serigrafia | D45: 1 logo | E45: 1 color | F45: 1000 | G45: 850 | H45: 750 | I45: 700
A46: botella/vaso térmico | B46: plástico | C46: serigrafia | D46: 2 logos | E46: 1 color | F46: 1500 | G46: 1400 | H46: 1300 | I46: 1200
A47: botella/vaso térmico | B47: metal/vidrio | C47: serigrafia | D47: 1 logo | E47: 1 color | F47: 1500 | G47: 1100 | H47: 1050 | I47: 1000
A48: botella/vaso térmico | B48: metal/vidrio | C48: serigrafia | D48: 2 logos | E48: 1 color | F48: 1800 | G48: 1700 | H48: 1500 | I48: 1400
A49: botella/vaso térmico | C49: grabado | D49: 1 logo | E49: sin color (grabado) | F49: 1200 | G49: 1100 | H49: 1000 | I49: 900
A50: bolígrafo | C50: tampo | D50: 1 logo | E50: 1 color | F50: 1000 | G50: 750 | H50: 110 | I50: 100
A51: llavero | C51: laser | F51: 1000 | G51: 950
A52: buzo | C52: serigrafia | D52: 1 logo | E52: 1 color | J52: ← completar
A53: buzo | C53: serigrafia | D53: 1 logo | E53: 2 colores | J53: ← completar
A54: buzo | C54: dtf | D54: 1 logo | E54: full color | J54: ← completar
A55: buzo | C55: bordado | D55: 1 logo | J55: ← completar
A56: campera con capucha | C56: serigrafia | D56: 1 logo | E56: 1 color | J56: ← completar
A57: campera con capucha | C57: dtf | D57: 1 logo | E57: full color | J57: ← completar
A58: delantal | C58: serigrafia | D58: 1 logo | E58: 1 color | J58: ← completar
A59: delantal | C59: serigrafia | D59: 1 logo | E59: 2 colores | J59: ← completar
A60: notebook A5 | D60: 1 logo | E60: grabado/impresión | J60: ← completar
A61: bolso de cuero | C61: grabado laser | D61: 1 logo | J61: ← completar
A62: riñonera | C62: serigrafia | D62: 1 logo | E62: 1 color | J62: ← completar
A63: riñonera | C63: dtf | D63: 1 logo | E63: full color | J63: ← completar
A64: morral | C64: serigrafia | D64: 1 logo | E64: 1 color | J64: ← completar
A65: mochila | C65: serigrafia | D65: 1 logo | E65: 1 color | J65: ← completar
A66: bolso deportivo 40L | C66: serigrafia | D66: 1 logo | E66: 1 color | J66: ← completar
A67: shoulder bag | C67: serigrafia | D67: 1 logo | E67: 1 color | J67: ← completar
A68: vaso plástico | C68: serigrafia | D68: 1 logo | E68: 1 color | J68: ← completar
A69: vaso/taza acero inox | C69: grabado | D69: 1 logo | E69: sin color (grabado) | J69: ← completar
A70: ice bucket | J70: ← completar
A71: seahorse bottle opener | C71: laser | J71: ← completar
A73: REFERENCIAS DE COLOR:
A74: serigrafia
A75: dtf
A76: bordado
A77: tampo
A78: grabado / laser
A79: sin precio — completar
A80: PRODUCTOS NUEVOS — completar precios de personalización
A81: termo Stanley Mate System | C81: grabado | D81: 1 logo | E81: sin color (grabado) | J81: ← completar
A82: termo Stanley Mate System | C82: serigrafia | D82: 1 logo | E82: 1 color | J82: ← completar
A83: botella térmica Stanley Flip Straw Tumbler | C83: grabado | D83: 1 logo | E83: sin color (grabado) | J83: ← completar
A84: botella térmica Stanley Flip Straw Tumbler | C84: serigrafia | D84: 1 logo | E84: 1 color | J84: ← completar
A85: taza/vaso térmico Stanley Camp Mug | C85: grabado | D85: 1 logo | E85: sin color (grabado) | J85: ← completar
A86: taza/vaso térmico Stanley Camp Mug | C86: serigrafia | D86: 1 logo | E86: 1 color | J86: ← completar
A87: vaso Stanley Mundial 2026 | C87: grabado | D87: 1 logo | E87: sin color (grabado) | J87: ← completar
A88: vaso Stanley Mundial 2026 | C88: serigrafia | D88: 1 logo | E88: 1 color | J88: ← completar
A89: vaso plástico reutilizable Mundial 2026 | C89: serigrafia | D89: 1 logo | E89: 1 color | J89: ← completar
A90: vaso plástico reutilizable Mundial 2026 | C90: dtf | D90: full color | J90: ← completar
A91: bolso weekender | C91: serigrafia | D91: 1 logo | E91: 1 color | J91: ← completar
A92: bolso weekender | C92: serigrafia | D92: 1 logo | E92: 2 colores | J92: ← completar
A93: bolso weekender | C93: dtf | D93: 1 logo | E93: full color | J93: ← completar
A94: funda de cuero laptop | C94: grabado laser | D94: 1 logo | J94: ← completar
A95: funda de cuero laptop | C95: serigrafia | D95: 1 logo | E95: 1 color | J95: ← completar
A96: mochila Unicross | C96: serigrafia | D96: 1 logo | E96: 1 color | J96: ← completar
A97: mochila Unicross | C97: dtf | D97: 1 logo | E97: full color | J97: ← completar
A98: mochila Unicross | C98: bordado | D98: 1 logo | J98: ← completar
A99: kit Summer | B99: remera + abanico + gorra | C99: serigrafia | D99: 1 logo por producto | E99: 1 color | J99: ← completar
A100: kit Summer | B100: remera + abanico + gorra | C100: dtf | D100: 1 logo por producto | E100: full color | J100: ← completar
A101: kit promocional verano | B101: abanico + totebag + gorra | C101: serigrafia | D101: 1 logo por producto | E101: 1 color | J101: ← completar
...

Sheet resumen_precios_finales
A1: RESUMEN PRECIOS FINALES — Base + Personalización (precio unitario en $)
A2: Los precios TOTALES se calculan automáticamente. Verde = precio completo disponible. Amarillo = falta precio base o personalización.
A3: producto | B3: variante | C3: técnica | D3: logos / ubicación | E3: colores / diseño | F3: base 50u | G3: pers. 50u | H3: TOTAL 50u | I3: base 100u | J3: pers. 100u | K3: TOTAL 100u | L3: base 200u | M3: pers. 200u | N3: TOTAL 200u | O3: base 500u | P3: pers. 500u | Q3: TOTAL 500u
A4: remera | B4: blanca | C4: serigrafia | D4: 1 logo | E4: 1 color | F4: =precios_base!E4 -> 13900 | G4: =precios_personalizacion!F14 -> 1300 | H4: =IF(AND(ISNUMBER(precios_base!E4),ISNUMBER(precios_personalizacion!F14)),precios_base!E4+precios_personalizacion!F14,"consultar") -> 15200 | I4: =precios_base!E5 -> 13900 | J4: =precios_personalizacion!G14 -> 980 | K4: =IF(AND(ISNUMBER(precios_base!E5),ISNUMBER(precios_personalizacion!G14)),precios_base!E5+precios_personalizacion!G14,"consultar") -> 14880 | L4: =precios_base!E6 -> 12900 | M4: =precios_personalizacion!H14 -> 900 | N4: =IF(AND(ISNUMBER(precios_base!E6),ISNUMBER(precios_personalizacion!H14)),precios_base!E6+precios_personalizacion!H14,"consultar") -> 13800 | O4: =precios_base!E7 -> 12900 | P4: =precios_personalizacion!I14 -> 840 | Q4: =IF(AND(ISNUMBER(precios_base!E7),ISNUMBER(precios_personalizacion!I14)),precios_base!E7+precios_personalizacion!I14,"consultar") -> 13740
A5: remera | B5: blanca | C5: serigrafia | D5: 1 logo | E5: 2 colores | F5: =precios_base!E4 -> 13900 | G5: =precios_personalizacion!F15 -> 2200 | H5: =IF(AND(ISNUMBER(precios_base!E4),ISNUMBER(precios_personalizacion!F15)),precios_base!E4+precios_personalizacion!F15,"consultar") -> 16100 | I5: =precios_base!E5 -> 13900 | J5: =precios_personalizacion!G15 -> 1600 | K5: =IF(AND(ISNUMBER(precios_base!E5),ISNUMBER(precios_personalizacion!G15)),precios_base!E5+precios_personalizacion!G15,"consultar") -> 15500 | L5: =precios_base!E6 -> 12900 | M5: =precios_personalizacion!H15 -> 1440 | N5: =IF(AND(ISNUMBER(precios_base!E6),ISNUMBER(precios_personalizacion!H15)),precios_base!E6+precios_personalizacion!H15,"consultar") -> 14340 | O5: =precios_base!E7 -> 12900 | P5: =precios_personalizacion!I15 -> 1300 | Q5: =IF(AND(ISNUMBER(precios_base!E7),ISNUMBER(precios_personalizacion!I15)),precios_base!E7+precios_personalizacion!I15,"consultar") -> 14200
A6: remera | B6: blanca | C6: serigrafia | D6: 1 logo | E6: 3 colores | F6: =precios_base!E4 -> 13900 | G6: =precios_personalizacion!F16 -> 2900 | H6: =IF(AND(ISNUMBER(precios_base!E4),ISNUMBER(precios_personalizacion!F16)),precios_base!E4+precios_personalizacion!F16,"consultar") -> 16800 | I6: =precios_base!E5 -> 13900 | J6: =precios_personalizacion!G16 | K6: =IF(AND(ISNUMBER(precios_base!E5),ISNUMBER(precios_personalizacion!G16)),precios_base!E5+precios_personalizacion!G16,"consultar") -> consultar | L6: =precios_base!E6 -> 12900 | M6: =precios_personalizacion!H16 -> 1900 | N6: =IF(AND(ISNUMBER(precios_base!E6),ISNUMBER(precios_personalizacion!H16)),precios_base!E6+precios_personalizacion!H16,"consultar") -> 14800 | O6: =precios_base!E7 -> 12900 | P6: =precios_personalizacion!I16 -> 1750 | Q6: =IF(AND(ISNUMBER(precios_base!E7),ISNUMBER(precios_personalizacion!I16)),precios_base!E7+precios_personalizacion!I16,"consultar") -> 14650
A7: remera | B7: blanca | C7: serigrafia | D7: 2 logos frente y espalda | E7: 3 colores | F7: =precios_base!E4 -> 13900 | G7: =precios_personalizacion!F17 -> 3900 | H7: =IF(AND(ISNUMBER(precios_base!E4),ISNUMBER(precios_personalizacion!F17)),precios_base!E4+precios_personalizacion!F17,"consultar") -> 17800 | I7: =precios_base!E5 -> 13900 | J7: =precios_personalizacion!G17 -> 3150 | K7: =IF(AND(ISNUMBER(precios_base!E5),ISNUMBER(precios_personalizacion!G17)),precios_base!E5+precios_personalizacion!G17,"consultar") -> 17050 | L7: =precios_base!E6 -> 12900 | M7: =precios_personalizacion!H17 -> 2900 | N7: =IF(AND(ISNUMBER(precios_base!E6),ISNUMBER(precios_personalizacion!H17)),precios_base!E6+precios_personalizacion!H17,"consultar") -> 15800 | O7: =precios_base!E7 -> 12900 | P7: =precios_personalizacion!I17 -> 2650 | Q7: =IF(AND(ISNUMBER(precios_base!E7),ISNUMBER(precios_personalizacion!I17)),precios_base!E7+precios_personalizacion!I17,"consultar") -> 15550
A8: remera | B8: blanca | C8: serigrafia | D8: diseño 30x40 | E8: 3 colores | F8: =precios_base!E4 -> 13900 | G8: =precios_personalizacion!F18 -> 3900 | H8: =IF(AND(ISNUMBER(precios_base!E4),ISNUMBER(precios_personalizacion!F18)),precios_base!E4+precios_personalizacion!F18,"consultar") -> 17800 | I8: =precios_base!E5 -> 13900 | J8: =precios_personalizacion!G18 -> 3100 | K8: =IF(AND(ISNUMBER(precios_base!E5),ISNUMBER(precios_personalizacion!G18)),precios_base!E5+precios_personalizacion!G18,"consultar") -> 17000 | L8: =precios_base!E6 -> 12900 | M8: =precios_personalizacion!H18 -> 2900 | N8: =IF(AND(ISNUMBER(precios_base!E6),ISNUMBER(precios_personalizacion!H18)),precios_base!E6+precios_personalizacion!H18,"consultar") -> 15800 | O8: =precios_base!E7 -> 12900 | P8: =precios_personalizacion!I18 -> 2600 | Q8: =IF(AND(ISNUMBER(precios_base!E7),ISNUMBER(precios_personalizacion!I18)),precios_base!E7+precios_personalizacion!I18,"consultar") -> 15500
A9: remera | B9: blanca | C9: dtf | D9: 1 logo | E9: 1 color | F9: =precios_base!E4 -> 13900 | G9: =precios_personalizacion!F19 -> 1200 | H9: =IF(AND(ISNUMBER(precios_base!E4),ISNUMBER(precios_personalizacion!F19)),precios_base!E4+precios_personalizacion!F19,"consultar") -> 15100 | I9: =precios_base!E5 -> 13900 | J9: =precios_personalizacion!G19 -> 1100 | K9: =IF(AND(ISNUMBER(precios_base!E5),ISNUMBER(precios_personalizacion!G19)),precios_base!E5+precios_personalizacion!G19,"consultar") -> 15000 | L9: =precios_base!E6 -> 12900 | M9: =precios_personalizacion!H19 -> 900 | N9: =IF(AND(ISNUMBER(precios_base!E6),ISNUMBER(precios_personalizacion!H19)),precios_base!E6+precios_personalizacion!H19,"consultar") -> 13800 | O9: =precios_base!E7 -> 12900 | P9: =precios_personalizacion!I19 -> 800 | Q9: =IF(AND(ISNUMBER(precios_base!E7),ISNUMBER(precios_personalizacion!I19)),precios_base!E7+precios_personalizacion!I19,"consultar") -> 13700
A10: remera | B10: blanca | C10: dtf | D10: 1 logo | E10: full color | F10: =precios_base!E4 -> 13900 | G10: =precios_personalizacion!F21 -> 1200 | H10: =IF(AND(ISNUMBER(precios_base!E4),ISNUMBER(precios_personalizacion!F21)),precios_base!E4+precios_personalizacion!F21,"consultar") -> 15100 | I10: =precios_base!E5 -> 13900 | J10: =precios_personalizacion!G21 -> 1100 | K10: =IF(AND(ISNUMBER(precios_base!E5),ISNUMBER(precios_personalizacion!G21)),precios_base!E5+precios_personalizacion!G21,"consultar") -> 15000 | L10: =precios_base!E6 -> 12900 | M10: =precios_personalizacion!H21 -> 900 | N10: =IF(AND(ISNUMBER(precios_base!E6),ISNUMBER(precios_personalizacion!H21)),precios_base!E6+precios_personalizacion!H21,"consultar") -> 13800 | O10: =precios_base!E7 -> 12900 | P10: =precios_personalizacion!I21 -> 800 | Q10: =IF(AND(ISNUMBER(precios_base!E7),ISNUMBER(precios_personalizacion!I21)),precios_base!E7+precios_personalizacion!I21,"consultar") -> 13700
A11: remera | B11: blanca | C11: dtf | D11: 2 logos frente y espalda | E11: full color | F11: =precios_base!E4 -> 13900 | G11: =precios_personalizacion!F22 -> 2400 | H11: =IF(AND(ISNUMBER(precios_base!E4),ISNUMBER(precios_personalizacion!F22)),precios_base!E4+precios_personalizacion!F22,"consultar") -> 16300 | I11: =precios_base!E5 -> 13900 | J11: =precios_personalizacion!G22 -> 1900 | K11: =IF(AND(ISNUMBER(precios_base!E5),ISNUMBER(precios_personalizacion!G22)),precios_base!E5+precios_personalizacion!G22,"consultar") -> 15800 | L11: =precios_base!E6 -> 12900 | M11: =precios_personalizacion!H22 -> 1700 | N11: =IF(AND(ISNUMBER(precios_base!E6),ISNUMBER(precios_personalizacion!H22)),precios_base!E6+precios_personalizacion!H22,"consultar") -> 14600 | O11: =precios_base!E7 -> 12900 | P11: =precios_personalizacion!I22 -> 1500 | Q11: =IF(AND(ISNUMBER(precios_base!E7),ISNUMBER(precios_personalizacion!I22)),precios_base!E7+precios_personalizacion!I22,"consultar") -> 14400
A12: remera | B12: blanca | C12: dtf | D12: diseño 30x40 | E12: full color | F12: =precios_base!E4 -> 13900 | G12: =precios_personalizacion!F13 -> 2000 | H12: =IF(AND(ISNUMBER(precios_base!E4),ISNUMBER(precios_personalizacion!F13)),precios_base!E4+precios_personalizacion!F13,"consultar") -> 15900 | I12: =precios_base!E5 -> 13900 | J12: =precios_personalizacion!G13 -> 1600 | K12: =IF(AND(ISNUMBER(precios_base!E5),ISNUMBER(precios_personalizacion!G13)),precios_base!E5+precios_personalizacion!G13,"consultar") -> 15500 | L12: =precios_base!E6 -> 12900 | M12: =precios_personalizacion!H13 -> 1400 | N12: =IF(AND(ISNUMBER(precios_base!E6),ISNUMBER(precios_personalizacion!H13)),precios_base!E6+precios_personalizacion!H13,"consultar") -> 14300 | O12: =precios_base!E7 -> 12900 | P12: =precios_personalizacion!I13 -> 1300 | Q12: =IF(AND(ISNUMBER(precios_base!E7),ISNUMBER(precios_personalizacion!I13)),precios_base!E7+precios_personalizacion!I13,"consultar") -> 14200
A13: remera | B13: negra | C13: serigrafia | D13: 1 logo | E13: 1 color | F13: =precios_base!E4 -> 13900 | G13: =precios_personalizacion!F14 -> 1300 | H13: =IF(AND(ISNUMBER(precios_base!E4),ISNUMBER(precios_personalizacion!F14)),precios_base!E4+precios_personalizacion!F14,"consultar") -> 15200 | I13: =precios_base!E5 -> 13900 | J13: =precios_personalizacion!G14 -> 980 | K13: =IF(AND(ISNUMBER(precios_base!E5),ISNUMBER(precios_personalizacion!G14)),precios_base!E5+precios_personalizacion!G14,"consultar") -> 14880 | L13: =precios_base!E6 -> 12900 | M13: =precios_personalizacion!H14 -> 900 | N13: =IF(AND(ISNUMBER(precios_base!E6),ISNUMBER(precios_personalizacion!H14)),precios_base!E6+precios_personalizacion!H14,"consultar") -> 13800 | O13: =precios_base!E7 -> 12900 | P13: =precios_personalizacion!I14 -> 840 | Q13: =IF(AND(ISNUMBER(precios_base!E7),ISNUMBER(precios_personalizacion!I14)),precios_base!E7+precios_personalizacion!I14,"consultar") -> 13740
A14: remera | B14: negra | C14: serigrafia | D14: 1 logo | E14: 2 colores | F14: =precios_base!E4 -> 13900 | G14: =precios_personalizacion!F15 -> 2200 | H14: =IF(AND(ISNUMBER(precios_base!E4),ISNUMBER(precios_personalizacion!F15)),precios_base!E4+precios_personalizacion!F15,"consultar") -> 16100 | I14: =precios_base!E5 -> 13900 | J14: =precios_personalizacion!G15 -> 1600 | K14: =IF(AND(ISNUMBER(precios_base!E5),ISNUMBER(precios_personalizacion!G15)),precios_base!E5+precios_personalizacion!G15,"consultar") -> 15500 | L14: =precios_base!E6 -> 12900 | M14: =precios_personalizacion!H15 -> 1440 | N14: =IF(AND(ISNUMBER(precios_base!E6),ISNUMBER(precios_personalizacion!H15)),precios_base!E6+precios_personalizacion!H15,"consultar") -> 14340 | O14: =precios_base!E7 -> 12900 | P14: =precios_personalizacion!I15 -> 1300 | Q14: =IF(AND(ISNUMBER(precios_base!E7),ISNUMBER(precios_personalizacion!I15)),precios_base!E7+precios_personalizacion!I15,"consultar") -> 14200
A15: remera | B15: negra | C15: serigrafia | D15: 1 logo | E15: 3 colores | F15: =precios_base!E4 -> 13900 | G15: =precios_personalizacion!F16 -> 2900 | H15: =IF(AND(ISNUMBER(precios_base!E4),ISNUMBER(precios_personalizacion!F16)),precios_base!E4+precios_personalizacion!F16,"consultar") -> 16800 | I15: =precios_base!E5 -> 13900 | J15: =precios_personalizacion!G16 | K15: =IF(AND(ISNUMBER(precios_base!E5),ISNUMBER(precios_personalizacion!G16)),precios_base!E5+precios_personalizacion!G16,"consultar") -> consultar | L15: =precios_base!E6 -> 12900 | M15: =precios_personalizacion!H16 -> 1900 | N15: =IF(AND(ISNUMBER(precios_base!E6),ISNUMBER(precios_personalizacion!H16)),precios_base!E6+precios_personalizacion!H16,"consultar") -> 14800 | O15: =precios_base!E7 -> 12900 | P15: =precios_personalizacion!I16 -> 1750 | Q15: =IF(AND(ISNUMBER(precios_base!E7),ISNUMBER(precios_personalizacion!I16)),precios_base!E7+precios_personalizacion!I16,"consultar") -> 14650
A16: remera | B16: negra | C16: serigrafia | D16: 2 logos frente y espalda | E16: 3 colores | F16: =precios_base!E4 -> 13900 | G16: =precios_personalizacion!F17 -> 3900 | H16: =IF(AND(ISNUMBER(precios_base!E4),ISNUMBER(precios_personalizacion!F17)),precios_base!E4+precios_personalizacion!F17,"consultar") -> 17800 | I16: =precios_base!E5 -> 13900 | J16: =precios_personalizacion!G17 -> 3150 | K16: =IF(AND(ISNUMBER(precios_base!E5),ISNUMBER(precios_personalizacion!G17)),precios_base!E5+precios_personalizacion!G17,"consultar") -> 17050 | L16: =precios_base!E6 -> 12900 | M16: =precios_personalizacion!H17 -> 2900 | N16: =IF(AND(ISNUMBER(precios_base!E6),ISNUMBER(precios_personalizacion!H17)),precios_base!E6+precios_personalizacion!H17,"consultar") -> 15800 | O16: =precios_base!E7 -> 12900 | P16: =precios_personalizacion!I17 -> 2650 | Q16: =IF(AND(ISNUMBER(precios_base!E7),ISNUMBER(precios_personalizacion!I17)),precios_base!E7+precios_personalizacion!I17,"consultar") -> 15550
A17: remera | B17: negra | C17: dtf | D17: 1 logo | E17: 1 color | F17: =precios_base!E4 -> 13900 | G17: =precios_personalizacion!F19 -> 1200 | H17: =IF(AND(ISNUMBER(precios_base!E4),ISNUMBER(precios_personalizacion!F19)),precios_base!E4+precios_personalizacion!F19,"consultar") -> 15100 | I17: =precios_base!E5 -> 13900 | J17: =precios_personalizacion!G19 -> 1100 | K17: =IF(AND(ISNUMBER(precios_base!E5),ISNUMBER(precios_personalizacion!G19)),precios_base!E5+precios_personalizacion!G19,"consultar") -> 15000 | L17: =precios_base!E6 -> 12900 | M17: =precios_personalizacion!H19 -> 900 | N17: =IF(AND(ISNUMBER(precios_base!E6),ISNUMBER(precios_personalizacion!H19)),precios_base!E6+precios_personalizacion!H19,"consultar") -> 13800 | O17: =precios_base!E7 -> 12900 | P17: =precios_personalizacion!I19 -> 800 | Q17: =IF(AND(ISNUMBER(precios_base!E7),ISNUMBER(precios_personalizacion!I19)),precios_base!E7+precios_personalizacion!I19,"consultar") -> 13700
A18: remera | B18: negra | C18: dtf | D18: 1 logo | E18: full color | F18: =precios_base!E4 -> 13900 | G18: =precios_personalizacion!F21 -> 1200 | H18: =IF(AND(ISNUMBER(precios_base!E4),ISNUMBER(precios_personalizacion!F21)),precios_base!E4+precios_personalizacion!F21,"consultar") -> 15100 | I18: =precios_base!E5 -> 13900 | J18: =precios_personalizacion!G21 -> 1100 | K18: =IF(AND(ISNUMBER(precios_base!E5),ISNUMBER(precios_personalizacion!G21)),precios_base!E5+precios_personalizacion!G21,"consultar") -> 15000 | L18: =precios_base!E6 -> 12900 | M18: =precios_personalizacion!H21 -> 900 | N18: =IF(AND(ISNUMBER(precios_base!E6),ISNUMBER(precios_personalizacion!H21)),precios_base!E6+precios_personalizacion!H21,"consultar") -> 13800 | O18: =precios_base!E7 -> 12900 | P18: =precios_personalizacion!I21 -> 800 | Q18: =IF(AND(ISNUMBER(precios_base!E7),ISNUMBER(precios_personalizacion!I21)),precios_base!E7+precios_personalizacion!I21,"consultar") -> 13700
A19: remera | B19: negra | C19: dtf | D19: 2 logos frente y espalda | E19: full color | F19: =precios_base!E4 -> 13900 | G19: =precios_personalizacion!F22 -> 2400 | H19: =IF(AND(ISNUMBER(precios_base!E4),ISNUMBER(precios_personalizacion!F22)),precios_base!E4+precios_personalizacion!F22,"consultar") -> 16300 | I19: =precios_base!E5 -> 13900 | J19: =precios_personalizacion!G22 -> 1900 | K19: =IF(AND(ISNUMBER(precios_base!E5),ISNUMBER(precios_personalizacion!G22)),precios_base!E5+precios_personalizacion!G22,"consultar") -> 15800 | L19: =precios_base!E6 -> 12900 | M19: =precios_personalizacion!H22 -> 1700 | N19: =IF(AND(ISNUMBER(precios_base!E6),ISNUMBER(precios_personalizacion!H22)),precios_base!E6+precios_personalizacion!H22,"consultar") -> 14600 | O19: =precios_base!E7 -> 12900 | P19: =precios_personalizacion!I22 -> 1500 | Q19: =IF(AND(ISNUMBER(precios_base!E7),ISNUMBER(precios_personalizacion!I22)),precios_base!E7+precios_personalizacion!I22,"consultar") -> 14400
A20: remera | B20: negra | C20: dtf | D20: diseño 25x35 | E20: full color | F20: =precios_base!E4 -> 13900 | G20: =precios_personalizacion!F23 -> 2000 | H20: =IF(AND(ISNUMBER(precios_base!E4),ISNUMBER(precios_personalizacion!F23)),precios_base!E4+precios_personalizacion!F23,"consultar") -> 15900 | I20: =precios_base!E5 -> 13900 | J20: =precios_personalizacion!G23 -> 1800 | K20: =IF(AND(ISNUMBER(precios_base!E5),ISNUMBER(precios_personalizacion!G23)),precios_base!E5+precios_personalizacion!G23,"consultar") -> 15700 | L20: =precios_base!E6 -> 12900 | M20: =precios_personalizacion!H23 -> 1600 | N20: =IF(AND(ISNUMBER(precios_base!E6),ISNUMBER(precios_personalizacion!H23)),precios_base!E6+precios_personalizacion!H23,"consultar") -> 14500 | O20: =precios_base!E7 -> 12900 | P20: =precios_personalizacion!I23 -> 1400 | Q20: =IF(AND(ISNUMBER(precios_base!E7),ISNUMBER(precios_personalizacion!I23)),precios_base!E7+precios_personalizacion!I23,"consultar") -> 14300
A21: gorra | C21: serigrafia | D21: 1 logo | E21: 1 color | F21: =precios_base!E24 -> 8999 | G21: =precios_personalizacion!F26 -> 1100 | H21: =IF(AND(ISNUMBER(precios_base!E24),ISNUMBER(precios_personalizacion!F26)),precios_base!E24+precios_personalizacion!F26,"consultar") -> 10099 | I21: =precios_base!E25 -> 7999 | J21: =precios_personalizacion!G26 -> 980 | K21: =IF(AND(ISNUMBER(precios_base!E25),ISNUMBER(precios_personalizacion!G26)),precios_base!E25+precios_personalizacion!G26,"consultar") -> 8979 | L21: =precios_base!E26 -> 7999 | M21: =precios_personalizacion!H26 -> 900 | N21: =IF(AND(ISNUMBER(precios_base!E26),ISNUMBER(precios_personalizacion!H26)),precios_base!E26+precios_personalizacion!H26,"consultar") -> 8899 | O21: =precios_base!E27 -> 7999 | P21: =precios_personalizacion!I26 -> 800 | Q21: =IF(AND(ISNUMBER(precios_base!E27),ISNUMBER(precios_personalizacion!I26)),precios_base!E27+precios_personalizacion!I26,"consultar") -> 8799
A22: gorra | C22: dtf | D22: 1 logo | E22: 1 color | F22: =precios_base!E24 -> 8999 | G22: =precios_personalizacion!F27 -> 1100 | H22: =IF(AND(ISNUMBER(precios_base!E24),ISNUMBER(precios_personalizacion!F27)),precios_base!E24+precios_personalizacion!F27,"consultar") -> 10099 | I22: =precios_base!E25 -> 7999 | J22: =precios_personalizacion!G27 -> 980 | K22: =IF(AND(ISNUMBER(precios_base!E25),ISNUMBER(precios_personalizacion!G27)),precios_base!E25+precios_personalizacion!G27,"consultar") -> 8979 | L22: =precios_base!E26 -> 7999 | M22: =precios_personalizacion!H27 -> 800 | N22: =IF(AND(ISNUMBER(precios_base!E26),ISNUMBER(precios_personalizacion!H27)),precios_base!E26+precios_personalizacion!H27,"consultar") -> 8799 | O22: =precios_base!E27 -> 7999 | P22: =precios_personalizacion!I27 -> 750 | Q22: =IF(AND(ISNUMBER(precios_base!E27),ISNUMBER(precios_personalizacion!I27)),precios_base!E27+precios_personalizacion!I27,"consultar") -> 8749
A23: gorra | C23: bordado | D23: 1 logo | F23: =precios_base!E24 -> 8999 | G23: =precios_personalizacion!F24 -> 1573 | H23: =IF(AND(ISNUMBER(precios_base!E24),ISNUMBER(precios_personalizacion!F24)),precios_base!E24+precios_personalizacion!F24,"consultar") -> 10572 | I23: =precios_base!E25 -> 7999 | J23: =precios_personalizacion!G24 -> 1452 | K23: =IF(AND(ISNUMBER(precios_base!E25),ISNUMBER(precios_personalizacion!G24)),precios_base!E25+precios_personalizacion!G24,"consultar") -> 9451 | L23: =precios_base!E26 -> 7999 | M23: =precios_personalizacion!H24 | N23: =IF(AND(ISNUMBER(precios_base!E26),ISNUMBER(precios_personalizacion!H24)),precios_base!E26+precios_personalizacion!H24,"consultar") -> consultar | O23: =precios_base!E27 -> 7999 | P23: =precios_personalizacion!I24 | Q23: =IF(AND(ISNUMBER(precios_base!E27),ISNUMBER(precios_personalizacion!I24)),precios_base!E27+precios_personalizacion!I24,"consultar") -> consultar
A24: gorra | C24: bordado | D24: 2 logos | F24: =precios_base!E24 -> 8999 | G24: =precios_personalizacion!F25 -> 2299 | H24: =IF(AND(ISNUMBER(precios_base!E24),ISNUMBER(precios_personalizacion!F25)),precios_base!E24+precios_personalizacion!F25,"consultar") -> 11298 | I24: =precios_base!E25 -> 7999 | J24: =precios_personalizacion!G25 -> 2178 | K24: =IF(AND(ISNUMBER(precios_base!E25),ISNUMBER(precios_personalizacion!G25)),precios_base!E25+precios_personalizacion!G25,"consultar") -> 10177 | L24: =precios_base!E26 -> 7999 | M24: =precios_personalizacion!H25 | N24: =IF(AND(ISNUMBER(precios_base!E26),ISNUMBER(precios_personalizacion!H25)),precios_base!E26+precios_personalizacion!H25,"consultar") -> consultar | O24: =precios_base!E27 -> 7999 | P24: =precios_personalizacion!I25 | Q24: =IF(AND(ISNUMBER(precios_base!E27),ISNUMBER(precios_personalizacion!I25)),precios_base!E27+precios_personalizacion!I25,"consultar") -> consultar
A25: piluso | C25: serigrafia | D25: 1 logo | E25: 1 color | F25: =precios_base!E285 -> 5690 | G25: =precios_personalizacion!F28 -> 1360 | H25: =IF(AND(ISNUMBER(precios_base!E285),ISNUMBER(precios_personalizacion!F28)),precios_base!E285+precios_personalizacion!F28,"consultar") -> 7050 | I25: =precios_base!E286 | J25: =precios_personalizacion!G28 -> 980 | K25: =IF(AND(ISNUMBER(precios_base!E286),ISNUMBER(precios_personalizacion!G28)),precios_base!E286+precios_personalizacion!G28,"consultar") -> consultar | L25: =precios_base!E287 | M25: =precios_personalizacion!H28 -> 900 | N25: =IF(AND(ISNUMBER(precios_base!E287),ISNUMBER(precios_personalizacion!H28)),precios_base!E287+precios_personalizacion!H28,"consultar") -> consultar | O25: =precios_base!E288 | P25: =precios_personalizacion!I28 -> 800 | Q25: =IF(AND(ISNUMBER(precios_base!E288),ISNUMBER(precios_personalizacion!I28)),precios_base!E288+precios_personalizacion!I28,"consultar") -> consultar
A26: piluso | C26: dtf | D26: 1 logo | E26: 1 color | F26: =precios_base!E285 -> 5690 | G26: =precios_personalizacion!F29 -> 1000 | H26: =IF(AND(ISNUMBER(precios_base!E285),ISNUMBER(precios_personalizacion!F29)),precios_base!E285+precios_personalizacion!F29,"consultar") -> 6690 | I26: =precios_base!E286 | J26: =precios_personalizacion!G29 -> 900 | K26: =IF(AND(ISNUMBER(precios_base!E286),ISNUMBER(precios_personalizacion!G29)),precios_base!E286+precios_personalizacion!G29,"consultar") -> consultar | L26: =precios_base!E287 | M26: =precios_personalizacion!H29 -> 800 | N26: =IF(AND(ISNUMBER(precios_base!E287),ISNUMBER(precios_personalizacion!H29)),precios_base!E287+precios_personalizacion!H29,"consultar") -> consultar | O26: =precios_base!E288 | P26: =precios_personalizacion!I29 -> 750 | Q26: =IF(AND(ISNUMBER(precios_base!E288),ISNUMBER(precios_personalizacion!I29)),precios_base!E288+precios_personalizacion!I29,"consultar") -> consultar
A27: piluso | C27: bordado | D27: 1 logo | F27: =precios_base!E285 -> 5690 | H27: ="consultar" -> consultar | I27: =precios_base!E286 | K27: ="consultar" -> consultar | L27: =precios_base!E287 | N27: ="consultar" -> consultar | O27: =precios_base!E288 | Q27: ="consultar" -> consultar
A28: totebag | C28: serigrafia | D28: 1 logo | E28: 1 color | G28: =precios_personalizacion!F31 -> 960 | H28: ="consultar" -> consultar | J28: =precios_personalizacion!G31 -> 850 | K28: ="consultar" -> consultar | M28: =precios_personalizacion!H31 -> 750 | N28: ="consultar" -> consultar | P28: =precios_personalizacion!I31 -> 700 | Q28: ="consultar" -> consultar
A29: totebag | C29: serigrafia | D29: 1 logo | E29: 2 colores | G29: =precios_personalizacion!F32 -> 1400 | H29: ="consultar" -> consultar | J29: =precios_personalizacion!G32 -> 1360 | K29: ="consultar" -> consultar | M29: =precios_personalizacion!H32 -> 1200 | N29: ="consultar" -> consultar | P29: =precios_personalizacion!I32 -> 1100 | Q29: ="consultar" -> consultar
A30: totebag | C30: serigrafia | D30: 1 logo | E30: 3 colores o más | G30: =precios_personalizacion!F33 -> 3600 | H30: ="consultar" -> consultar | J30: =precios_personalizacion!G33 -> 3200 | K30: ="consultar" -> consultar | M30: =precios_personalizacion!H33 -> 2900 | N30: ="consultar" -> consultar | P30: =precios_personalizacion!I33 -> 2800 | Q30: ="consultar" -> consultar
A31: totebag | C31: serigrafia | D31: diseño 25x35 | E31: 3 colores | G31: =precios_personalizacion!F34 -> 2800 | H31: ="consultar" -> consultar | J31: =precios_personalizacion!G34 -> 2800 | K31: ="consultar" -> consultar | M31: =precios_personalizacion!H34 -> 2500 | N31: ="consultar" -> consultar | P31: =precios_personalizacion!I34 -> 2300 | Q31: ="consultar" -> consultar
A32: totebag | C32: serigrafia | D32: diseño 30x40 | E32: 3 colores | G32: =precios_personalizacion!F35 -> 3100 | H32: ="consultar" -> consultar | J32: =precios_personalizacion!G35 -> 3500 | K32: ="consultar" -> consultar | M32: =precios_personalizacion!H35 -> 3500 | N32: ="consultar" -> consultar | P32: =precios_personalizacion!I35 -> 3200 | Q32: ="consultar" -> consultar
A33: totebag | C33: dtf | D33: 1 logo | E33: 1 color | G33: =precios_personalizacion!F36 -> 1200 | H33: ="consultar" -> consultar | J33: =precios_personalizacion!G36 -> 1100 | K33: ="consultar" -> consultar | M33: =precios_personalizacion!H36 -> 900 | N33: ="consultar" -> consultar | P33: =precios_personalizacion!I36 -> 800 | Q33: ="consultar" -> consultar
A34: totebag | C34: dtf | D34: 1 logo | E34: full color | G34: =precios_personalizacion!F38 -> 1200 | H34: ="consultar" -> consultar | J34: =precios_personalizacion!G38 -> 1100 | K34: ="consultar" -> consultar | M34: =precios_personalizacion!H38 -> 900 | N34: ="consultar" -> consultar | P34: =precios_personalizacion!I38 -> 800 | Q34: ="consultar" -> consultar
A35: totebag | C35: dtf | D35: 2 logos frente y espalda | E35: full color | G35: =precios_personalizacion!F39 -> 1500 | H35: ="consultar" -> consultar | J35: =precios_personalizacion!G39 -> 1900 | K35: ="consultar" -> consultar | M35: =precios_personalizacion!H39 -> 1700 | N35: ="consultar" -> consultar | P35: =precios_personalizacion!I39 -> 1500 | Q35: ="consultar" -> consultar
A36: botella/vaso térmico | C36: serigrafia | D36: 1 logo | E36: 1 color | G36: =precios_personalizacion!F47 -> 1500 | H36: ="consultar" -> consultar | J36: =precios_personalizacion!G47 -> 1100 | K36: ="consultar" -> consultar | M36: =precios_personalizacion!H47 -> 1050 | N36: ="consultar" -> consultar | P36: =precios_personalizacion!I47 -> 1000 | Q36: ="consultar" -> consultar
A37: botella/vaso térmico | C37: serigrafia | D37: 1 logo | E37: 2 colores | G37: =precios_personalizacion!F41 -> 1400 | H37: ="consultar" -> consultar | J37: =precios_personalizacion!G41 -> 1200 | K37: ="consultar" -> consultar | M37: =precios_personalizacion!H41 | N37: ="consultar" -> consultar | P37: =precios_personalizacion!I41 | Q37: ="consultar" -> consultar
A38: botella/vaso térmico | C38: serigrafia | D38: 2 logos | E38: 1 color | G38: =precios_personalizacion!F48 -> 1800 | H38: ="consultar" -> consultar | J38: =precios_personalizacion!G48 -> 1700 | K38: ="consultar" -> consultar | M38: =precios_personalizacion!H48 -> 1500 | N38: ="consultar" -> consultar | P38: =precios_personalizacion!I48 -> 1400 | Q38: ="consultar" -> consultar
A39: botella/vaso térmico | C39: serigrafia | D39: 360° | E39: full color | G39: =precios_personalizacion!F44 -> 3600 | H39: ="consultar" -> consultar | J39: =precios_personalizacion!G44 -> 3000 | K39: ="consultar" -> consultar | M39: =precios_personalizacion!H44 -> 2800 | N39: ="consultar" -> consultar | P39: =precios_personalizacion!I44 -> 2600 | Q39: ="consultar" -> consultar
A40: botella/vaso térmico | C40: grabado | D40: 1 logo | E40: sin color (grabado) | G40: =precios_personalizacion!F49 -> 1200 | H40: ="consultar" -> consultar | J40: =precios_personalizacion!G49 -> 1100 | K40: ="consultar" -> consultar | M40: =precios_personalizacion!H49 -> 1000 | N40: ="consultar" -> consultar | P40: =precios_personalizacion!I49 -> 900 | Q40: ="consultar" -> consultar
A41: botella/vaso térmico | B41: plástico | C41: serigrafia | D41: 1 logo | E41: 1 color | G41: =precios_personalizacion!F47 -> 1500 | H41: ="consultar" -> consultar | J41: =precios_personalizacion!G47 -> 1100 | K41: ="consultar" -> consultar | M41: =precios_personalizacion!H47 -> 1050 | N41: ="consultar" -> consultar | P41: =precios_personalizacion!I47 -> 1000 | Q41: ="consultar" -> consultar
A42: botella/vaso térmico | B42: metal/vidrio | C42: serigrafia | D42: 1 logo | E42: 1 color | G42: =precios_personalizacion!F47 -> 1500 | H42: ="consultar" -> consultar | J42: =precios_personalizacion!G47 -> 1100 | K42: ="consultar" -> consultar | M42: =precios_personalizacion!H47 -> 1050 | N42: ="consultar" -> consultar | P42: =precios_personalizacion!I47 -> 1000 | Q42: ="consultar" -> consultar
A43: bolígrafo | C43: tampo | D43: 1 logo | E43: 1 color | F43: =precios_base!E124 | G43: =precios_personalizacion!F50 -> 1000 | H43: =IF(AND(ISNUMBER(precios_base!E124),ISNUMBER(precios_personalizacion!F50)),precios_base!E124+precios_personalizacion!F50,"consultar") -> consultar | I43: =precios_base!E125 | J43: =precios_personalizacion!G50 -> 750 | K43: =IF(AND(ISNUMBER(precios_base!E125),ISNUMBER(precios_personalizacion!G50)),precios_base!E125+precios_personalizacion!G50,"consultar") -> consultar | L43: =precios_base!E126 | M43: =precios_personalizacion!H50 -> 110 | N43: =IF(AND(ISNUMBER(precios_base!E126),ISNUMBER(precios_personalizacion!H50)),precios_base!E126+precios_personalizacion!H50,"consultar") -> consultar | O43: =precios_base!E127 | P43: =precios_personalizacion!I50 -> 100 | Q43: =IF(AND(ISNUMBER(precios_base!E127),ISNUMBER(precios_personalizacion!I50)),precios_base!E127+precios_personalizacion!I50,"consultar") -> consultar
A44: llavero | C44: laser | D44: 1 logo | F44: =precios_base!E128 | H44: ="consultar" -> consultar | I44: =precios_base!E129 | K44: ="consultar" -> consultar | L44: =precios_base!E130 | N44: ="consultar" -> consultar | O44: =precios_base!E131 | Q44: ="consultar" -> consultar
A45: buzo | C45: serigrafia | D45: 1 logo | E45: 1 color | F45: =precios_base!E16 -> 13999 | G45: =precios_personalizacion!F52 | H45: =IF(AND(ISNUMBER(precios_base!E16),ISNUMBER(precios_personalizacion!F52)),precios_base!E16+precios_personalizacion!F52,"consultar") -> consultar | I45: =precios_base!E17 -> 13999 | J45: =precios_personalizacion!G52 | K45: =IF(AND(ISNUMBER(precios_base!E17),ISNUMBER(precios_personalizacion!G52)),precios_base!E17+precios_personalizacion!G52,"consultar") -> consultar | L45: =precios_base!E18 -> 12999 | M45: =precios_personalizacion!H52 | N45: =IF(AND(ISNUMBER(precios_base!E18),ISNUMBER(precios_personalizacion!H52)),precios_base!E18+precios_personalizacion!H52,"consultar") -> consultar | O45: =precios_base!E19 -> 12999 | P45: =precios_personalizacion!I52 | Q45: =IF(AND(ISNUMBER(precios_base!E19),ISNUMBER(precios_personalizacion!I52)),precios_base!E19+precios_personalizacion!I52,"consultar") -> consultar
A46: buzo | C46: serigrafia | D46: 1 logo | E46: 2 colores | F46: =precios_base!E16 -> 13999 | G46: =precios_personalizacion!F53 | H46: =IF(AND(ISNUMBER(precios_base!E16),ISNUMBER(precios_personalizacion!F53)),precios_base!E16+precios_personalizacion!F53,"consultar") -> consultar | I46: =precios_base!E17 -> 13999 | J46: =precios_personalizacion!G53 | K46: =IF(AND(ISNUMBER(precios_base!E17),ISNUMBER(precios_personalizacion!G53)),precios_base!E17+precios_personalizacion!G53,"consultar") -> consultar | L46: =precios_base!E18 -> 12999 | M46: =precios_personalizacion!H53 | N46: =IF(AND(ISNUMBER(precios_base!E18),ISNUMBER(precios_personalizacion!H53)),precios_base!E18+precios_personalizacion!H53,"consultar") -> consultar | O46: =precios_base!E19 -> 12999 | P46: =precios_personalizacion!I53 | Q46: =IF(AND(ISNUMBER(precios_base!E19),ISNUMBER(precios_personalizacion!I53)),precios_base!E19+precios_personalizacion!I53,"consultar") -> consultar
A47: buzo | C47: dtf | D47: 1 logo | E47: full color | F47: =precios_base!E16 -> 13999 | G47: =precios_personalizacion!F54 | H47: =IF(AND(ISNUMBER(precios_base!E16),ISNUMBER(precios_personalizacion!F54)),precios_base!E16+precios_personalizacion!F54,"consultar") -> consultar | I47: =precios_base!E17 -> 13999 | J47: =precios_personalizacion!G54 | K47: =IF(AND(ISNUMBER(precios_base!E17),ISNUMBER(precios_personalizacion!G54)),precios_base!E17+precios_personalizacion!G54,"consultar") -> consultar | L47: =precios_base!E18 -> 12999 | M47: =precios_personalizacion!H54 | N47: =IF(AND(ISNUMBER(precios_base!E18),ISNUMBER(precios_personalizacion!H54)),precios_base!E18+precios_personalizacion!H54,"consultar") -> consultar | O47: =precios_base!E19 -> 12999 | P47: =precios_personalizacion!I54 | Q47: =IF(AND(ISNUMBER(precios_base!E19),ISNUMBER(precios_personalizacion!I54)),precios_base!E19+precios_personalizacion!I54,"consultar") -> consultar
A48: buzo | C48: bordado | D48: 1 logo | F48: =precios_base!E16 -> 13999 | G48: =precios_personalizacion!F55 | H48: =IF(AND(ISNUMBER(precios_base!E16),ISNUMBER(precios_personalizacion!F55)),precios_base!E16+precios_personalizacion!F55,"consultar") -> consultar | I48: =precios_base!E17 -> 13999 | J48: =precios_personalizacion!G55 | K48: =IF(AND(ISNUMBER(precios_base!E17),ISNUMBER(precios_personalizacion!G55)),precios_base!E17+precios_personalizacion!G55,"consultar") -> consultar | L48: =precios_base!E18 -> 12999 | M48: =precios_personalizacion!H55 | N48: =IF(AND(ISNUMBER(precios_base!E18),ISNUMBER(precios_personalizacion!H55)),precios_base!E18+precios_personalizacion!H55,"consultar") -> consultar | O48: =precios_base!E19 -> 12999 | P48: =precios_personalizacion!I55 | Q48: =IF(AND(ISNUMBER(precios_base!E19),ISNUMBER(precios_personalizacion!I55)),precios_base!E19+precios_personalizacion!I55,"consultar") -> consultar
A49: campera con capucha | C49: serigrafia | D49: 1 logo | E49: 1 color | F49: =precios_base!E20 -> 19999 | G49: =precios_personalizacion!F56 | H49: =IF(AND(ISNUMBER(precios_base!E20),ISNUMBER(precios_personalizacion!F56)),precios_base!E20+precios_personalizacion!F56,"consultar") -> consultar | I49: =precios_base!E21 -> 19999 | J49: =precios_personalizacion!G56 | K49: =IF(AND(ISNUMBER(precios_base!E21),ISNUMBER(precios_personalizacion!G56)),precios_base!E21+precios_personalizacion!G56,"consultar") -> consultar | L49: =precios_base!E22 -> 18999 | M49: =precios_personalizacion!H56 | N49: =IF(AND(ISNUMBER(precios_base!E22),ISNUMBER(precios_personalizacion!H56)),precios_base!E22+precios_personalizacion!H56,"consultar") -> consultar | O49: =precios_base!E23 -> 17999 | P49: =precios_personalizacion!I56 | Q49: =IF(AND(ISNUMBER(precios_base!E23),ISNUMBER(precios_personalizacion!I56)),precios_base!E23+precios_personalizacion!I56,"consultar") -> consultar
A50: campera con capucha | C50: dtf | D50: 1 logo | E50: full color | F50: =precios_base!E20 -> 19999 | G50: =precios_personalizacion!F57 | H50: =IF(AND(ISNUMBER(precios_base!E20),ISNUMBER(precios_personalizacion!F57)),precios_base!E20+precios_personalizacion!F57,"consultar") -> consultar | I50: =precios_base!E21 -> 19999 | J50: =precios_personalizacion!G57 | K50: =IF(AND(ISNUMBER(precios_base!E21),ISNUMBER(precios_personalizacion!G57)),precios_base!E21+precios_personalizacion!G57,"consultar") -> consultar | L50: =precios_base!E22 -> 18999 | M50: =precios_personalizacion!H57 | N50: =IF(AND(ISNUMBER(precios_base!E22),ISNUMBER(precios_personalizacion!H57)),precios_base!E22+precios_personalizacion!H57,"consultar") -> consultar | O50: =precios_base!E23 -> 17999 | P50: =precios_personalizacion!I57 | Q50: =IF(AND(ISNUMBER(precios_base!E23),ISNUMBER(precios_personalizacion!I57)),precios_base!E23+precios_personalizacion!I57,"consultar") -> consultar
A51: delantal | C51: serigrafia | D51: 1 logo | E51: 1 color | F51: =precios_base!E88 -> 14900 | G51: =precios_personalizacion!F58 | H51: =IF(AND(ISNUMBER(precios_base!E88),ISNUMBER(precios_personalizacion!F58)),precios_base!E88+precios_personalizacion!F58,"consultar") -> consultar | I51: =precios_base!E89 -> 14900 | J51: =precios_personalizacion!G58 | K51: =IF(AND(ISNUMBER(precios_base!E89),ISNUMBER(precios_personalizacion!G58)),precios_base!E89+precios_personalizacion!G58,"consultar") -> consultar | L51: =precios_base!E90 -> 14900 | M51: =precios_personalizacion!H58 | N51: =IF(AND(ISNUMBER(precios_base!E90),ISNUMBER(precios_personalizacion!H58)),precios_base!E90+precios_personalizacion!H58,"consultar") -> consultar | O51: =precios_base!E91 -> 14900 | P51: =precios_personalizacion!I58 | Q51: =IF(AND(ISNUMBER(precios_base!E91),ISNUMBER(precios_personalizacion!I58)),precios_base!E91+precios_personalizacion!I58,"consultar") -> consultar
A52: riñonera | C52: serigrafia | D52: 1 logo | E52: 1 color | F52: =precios_base!E52 -> 12900 | G52: =precios_personalizacion!F62 | H52: =IF(AND(ISNUMBER(precios_base!E52),ISNUMBER(precios_personalizacion!F62)),precios_base!E52+precios_personalizacion!F62,"consultar") -> consultar | I52: =precios_base!E53 -> 11900 | J52: =precios_personalizacion!G62 | K52: =IF(AND(ISNUMBER(precios_base!E53),ISNUMBER(precios_personalizacion!G62)),precios_base!E53+precios_personalizacion!G62,"consultar") -> consultar | L52: =precios_base!E54 -> 11900 | M52: =precios_personalizacion!H62 | N52: =IF(AND(ISNUMBER(precios_base!E54),ISNUMBER(precios_personalizacion!H62)),precios_base!E54+precios_personalizacion!H62,"consultar") -> consultar | O52: =precios_base!E55 -> 10900 | P52: =precios_personalizacion!I62 | Q52: =IF(AND(ISNUMBER(precios_base!E55),ISNUMBER(precios_personalizacion!I62)),precios_base!E55+precios_personalizacion!I62,"consultar") -> consultar
A53: riñonera | C53: dtf | D53: 1 logo | E53: full color | F53: =precios_base!E52 -> 12900 | G53: =precios_personalizacion!F63 | H53: =IF(AND(ISNUMBER(precios_base!E52),ISNUMBER(precios_personalizacion!F63)),precios_base!E52+precios_personalizacion!F63,"consultar") -> consultar | I53: =precios_base!E53 -> 11900 | J53: =precios_personalizacion!G63 | K53: =IF(AND(ISNUMBER(precios_base!E53),ISNUMBER(precios_personalizacion!G63)),precios_base!E53+precios_personalizacion!G63,"consultar") -> consultar | L53: =precios_base!E54 -> 11900 | M53: =precios_personalizacion!H63 | N53: =IF(AND(ISNUMBER(precios_base!E54),ISNUMBER(precios_personalizacion!H63)),precios_base!E54+precios_personalizacion!H63,"consultar") -> consultar | O53: =precios_base!E55 -> 10900 | P53: =precios_personalizacion!I63 | Q53: =IF(AND(ISNUMBER(precios_base!E55),ISNUMBER(precios_personalizacion!I63)),precios_base!E55+precios_personalizacion!I63,"consultar") -> consultar
A54: morral sin logo | C54: serigrafia | D54: 1 logo | E54: 1 color | F54: =precios_base!E56 -> 13900 | H54: ="consultar" -> consultar | I54: =precios_base!E57 -> 13900 | K54: ="consultar" -> consultar | L54: =precios_base!E58 -> 12990 | N54: ="consultar" -> consultar | O54: =precios_base!E59 -> 12990 | Q54: ="consultar" -> consultar
A55: mochila negra | C55: serigrafia | D55: 1 logo | E55: 1 color | F55: =precios_base!E60 -> 10900 | H55: ="consultar" -> consultar | I55: =precios_base!E61 -> 9900 | K55: ="consultar" -> consultar | L55: =precios_base!E62 -> 9900 | N55: ="consultar" -> consultar | O55: =precios_base!E63 -> 9900 | Q55: ="consultar" -> consultar
A56: bolso deportivo 40l sin logo | C56: serigrafia | D56: 1 logo | E56: 1 color | F56: =precios_base!E68 -> 27990 | H56: ="consultar" -> consultar | I56: =precios_base!E69 -> 25999 | K56: ="consultar" -> consultar | L56: =precios_base!E70 -> 25999 | N56: ="consultar" -> consultar | O56: =precios_base!E71 -> 24990 | Q56: ="consultar" -> consultar
A57: shoulder bag polyester 33x17x10 | C57: serigrafia | D57: 1 logo | E57: 1 color | F57: =precios_base!E76 -> 11900 | H57: ="consultar" -> consultar | I57: =precios_base!E77 -> 11900 | K57: ="consultar" -> consultar | L57: =precios_base!E78 -> 10900 | N57: ="consultar" -> consultar | O57: =precios_base!E79 -> 10900 | Q57: ="consultar" -> consultar
A58: bolso de cuero | C58: grabado laser | D58: 1 logo | F58: =precios_base!E72 -> 264900 | G58: =precios_personalizacion!F61 | H58: =IF(AND(ISNUMBER(precios_base!E72),ISNUMBER(precios_personalizacion!F61)),precios_base!E72+precios_personalizacion!F61,"consultar") -> consultar | I58: =precios_base!E73 -> 247900 | J58: =precios_personalizacion!G61 | K58: =IF(AND(ISNUMBER(precios_base!E73),ISNUMBER(precios_personalizacion!G61)),precios_base!E73+precios_personalizacion!G61,"consultar") -> consultar | L58: =precios_base!E74 -> 247900 | M58: =precios_personalizacion!H61 | N58: =IF(AND(ISNUMBER(precios_base!E74),ISNUMBER(precios_personalizacion!H61)),precios_base!E74+precios_personalizacion!H61,"consultar") -> consultar | O58: =precios_base!E75 -> 245990 | P58: =precios_personalizacion!I61 | Q58: =IF(AND(ISNUMBER(precios_base!E75),ISNUMBER(precios_personalizacion!I61)),precios_base!E75+precios_personalizacion!I61,"consultar") -> consultar
A59: bolso weekender | C59: serigrafia | D59: 1 logo | E59: 1 color | F59: =precios_base!E213 | G59: =precios_personalizacion!F91 | H59: =IF(AND(ISNUMBER(precios_base!E213),ISNUMBER(precios_personalizacion!F91)),precios_base!E213+precios_personalizacion!F91,"consultar") -> consultar | I59: =precios_base!E214 | J59: =precios_personalizacion!G91 | K59: =IF(AND(ISNUMBER(precios_base!E214),ISNUMBER(precios_personalizacion!G91)),precios_base!E214+precios_personalizacion!G91,"consultar") -> consultar | L59: =precios_base!E215 | M59: =precios_personalizacion!H91 | N59: =IF(AND(ISNUMBER(precios_base!E215),ISNUMBER(precios_personalizacion!H91)),precios_base!E215+precios_personalizacion!H91,"consultar") -> consultar | O59: =precios_base!E216 | P59: =precios_personalizacion!I91 | Q59: =IF(AND(ISNUMBER(precios_base!E216),ISNUMBER(precios_personalizacion!I91)),precios_base!E216+precios_personalizacion!I91,"consultar") -> consultar
A60: bolso weekender | C60: dtf | D60: 1 logo | E60: full color | F60: =precios_base!E213 | G60: =precios_personalizacion!F93 | H60: =IF(AND(ISNUMBER(precios_base!E213),ISNUMBER(precios_personalizacion!F93)),precios_base!E213+precios_personalizacion!F93,"consultar") -> consultar | I60: =precios_base!E214 | J60: =precios_personalizacion!G93 | K60: =IF(AND(ISNUMBER(precios_base!E214),ISNUMBER(precios_personalizacion!G93)),precios_base!E214+precios_personalizacion!G93,"consultar") -> consultar | L60: =precios_base!E215 | M60: =precios_personalizacion!H93 | N60: =IF(AND(ISNUMBER(precios_base!E215),ISNUMBER(precios_personalizacion!H93)),precios_base!E215+precios_personalizacion!H93,"consultar") -> consultar | O60: =precios_base!E216 | P60: =precios_personalizacion!I93 | Q60: =IF(AND(ISNUMBER(precios_base!E216),ISNUMBER(precios_personalizacion!I93)),precios_base!E216+precios_personalizacion!I93,"consultar") -> consultar
A61: funda de cuero laptop | C61: grabado laser | D61: 1 logo | F61: =precios_base!E217 | G61: =precios_personalizacion!F94 | H61: =IF(AND(ISNUMBER(precios_base!E217),ISNUMBER(precios_personalizacion!F94)),precios_base!E217+precios_personalizacion!F94,"consultar") -> consultar | I61: =precios_base!E218 | J61: =precios_personalizacion!G94 | K61: =IF(AND(ISNUMBER(precios_base!E218),ISNUMBER(precios_personalizacion!G94)),precios_base!E218+precios_personalizacion!G94,"consultar") -> consultar | L61: =precios_base!E219 | M61: =precios_personalizacion!H94 | N61: =IF(AND(ISNUMBER(precios_base!E219),ISNUMBER(precios_personalizacion!H94)),precios_base!E219+precios_personalizacion!H94,"consultar") -> consultar | O61: =precios_base!E220 | P61: =precios_personalizacion!I94 | Q61: =IF(AND(ISNUMBER(precios_base!E220),ISNUMBER(precios_personalizacion!I94)),precios_base!E220+precios_personalizacion!I94,"consultar") -> consultar
A62: mochila unicross | C62: serigrafia | D62: 1 logo | E62: 1 color | F62: =precios_base!E221 | G62: =precios_personalizacion!F96 | H62: =IF(AND(ISNUMBER(precios_base!E221),ISNUMBER(precios_personalizacion!F96)),precios_base!E221+precios_personalizacion!F96,"consultar") -> consultar | I62: =precios_base!E222 | J62: =precios_personalizacion!G96 | K62: =IF(AND(ISNUMBER(precios_base!E222),ISNUMBER(precios_personalizacion!G96)),precios_base!E222+precios_personalizacion!G96,"consultar") -> consultar | L62: =precios_base!E223 | M62: =precios_personalizacion!H96 | N62: =IF(AND(ISNUMBER(precios_base!E223),ISNUMBER(precios_personalizacion!H96)),precios_base!E223+precios_personalizacion!H96,"consultar") -> consultar | O62: =precios_base!E224 | P62: =precios_personalizacion!I96 | Q62: =IF(AND(ISNUMBER(precios_base!E224),ISNUMBER(precios_personalizacion!I96)),precios_base!E224+precios_personalizacion!I96,"consultar") -> consultar
A63: mochila unicross | C63: bordado | D63: 1 logo | F63: =precios_base!E221 | G63: =precios_personalizacion!F98 | H63: =IF(AND(ISNUMBER(precios_base!E221),ISNUMBER(precios_personalizacion!F98)),precios_base!E221+precios_personalizacion!F98,"consultar") -> consultar | I63: =precios_base!E222 | J63: =precios_personalizacion!G98 | K63: =IF(AND(ISNUMBER(precios_base!E222),ISNUMBER(precios_personalizacion!G98)),precios_base!E222+precios_personalizacion!G98,"consultar") -> consultar | L63: =precios_base!E223 | M63: =precios_personalizacion!H98 | N63: =IF(AND(ISNUMBER(precios_base!E223),ISNUMBER(precios_personalizacion!H98)),precios_base!E223+precios_personalizacion!H98,"consultar") -> consultar | O63: =precios_base!E224 | P63: =precios_personalizacion!I98 | Q63: =IF(AND(ISNUMBER(precios_base!E224),ISNUMBER(precios_personalizacion!I98)),precios_base!E224+precios_personalizacion!I98,"consultar") -> consultar
A64: termo pajita acero inox 900ml | C64: grabado | D64: 1 logo | E64: sin color (grabado) | F64: =precios_base!E104 -> 18900 | H64: ="consultar" -> consultar | I64: =precios_base!E105 -> 17900 | K64: ="consultar" -> consultar | L64: =precios_base!E106 -> 16900 | N64: ="consultar" -> consultar | O64: =precios_base!E107 -> 15900 | Q64: ="consultar" -> consultar
A65: termo pajita acero inox 900ml | C65: serigrafia | D65: 1 logo | E65: 1 color | F65: =precios_base!E104 -> 18900 | H65: ="consultar" -> consultar | I65: =precios_base!E105 -> 17900 | K65: ="consultar" -> consultar | L65: =precios_base!E106 -> 16900 | N65: ="consultar" -> consultar | O65: =precios_base!E107 -> 15900 | Q65: ="consultar" -> consultar
A66: botella acero inoxidable blanca 750ml | C66: grabado | D66: 1 logo | E66: sin color (grabado) | F66: =precios_base!E92 -> 11900 | H66: ="consultar" -> consultar | I66: =precios_base!E93 -> 11900 | K66: ="consultar" -> consultar | L66: =precios_base!E94 -> 10990 | N66: ="consultar" -> consultar | O66: =precios_base!E95 -> 10990 | Q66: ="consultar" -> consultar
A67: botella acero inoxidable blanca 750ml | C67: serigrafia | D67: 1 logo | E67: 1 color | F67: =precios_base!E92 -> 11900 | H67: ="consultar" -> consultar | I67: =precios_base!E93 -> 11900 | K67: ="consultar" -> consultar | L67: =precios_base!E94 -> 10990 | N67: ="consultar" -> consultar | O67: =precios_base!E95 -> 10990 | Q67: ="consultar" -> consultar
A68: botella acero inoxidable negra 750ml | C68: serigrafia | D68: 1 logo | E68: 1 color | F68: =precios_base!E96 -> 11900 | H68: ="consultar" -> consultar | I68: =precios_base!E97 -> 11900 | K68: ="consultar" -> consultar | L68: =precios_base!E98 -> 10990 | N68: ="consultar" -> consultar | O68: =precios_base!E99 -> 10990 | Q68: ="consultar" -> consultar
A69: botella de vidrio 500ml | C69: serigrafia | D69: 1 logo | E69: 1 color | F69: =precios_base!E100 -> 10900 | H69: ="consultar" -> consultar | I69: =precios_base!E101 -> 10900 | K69: ="consultar" -> consultar | L69: =precios_base!E102 -> 9999 | N69: ="consultar" -> consultar | O69: =precios_base!E103 -> 9999 | Q69: ="consultar" -> consultar
A70: vaso/taza acero inox 304 | C70: grabado | D70: 1 logo | E70: sin color (grabado) | F70: =precios_base!E112 -> 13900 | H70: ="consultar" -> consultar | I70: =precios_base!E113 -> 12900 | K70: ="consultar" -> consultar | L70: =precios_base!E114 -> 11900 | N70: ="consultar" -> consultar | O70: =precios_base!E115 -> 10900 | Q70: ="consultar" -> consultar
A71: notebook a5 negro 14.2x21.2cm | C71: grabado laser | D71: 1 logo | F71: =precios_base!E120 -> 8999 | H71: ="consultar" -> consultar | I71: =precios_base!E121 -> 7999 | K71: ="consultar" -> consultar | L71: =precios_base!E122 -> 7999 | N71: ="consultar" -> consultar | O71: =precios_base!E123 -> 7990 | Q71: ="consultar" -> consultar
A72: totebag canva beige 40x45 | C72: serigrafia | D72: 1 logo | E72: 1 color | F72: =precios_base!E32 -> 6999 | H72: ="consultar" -> consultar | I72: =precios_base!E33 -> 6999 | K72: ="consultar" -> consultar | L72: =precios_base!E34 -> 5999 | N72: ="consultar" -> consultar | O72: =precios_base!E35 -> 5999 | Q72: ="consultar" -> consultar
A73: totebag canva negra 40x45 | C73: serigrafia | D73: 1 logo | E73: 1 color | F73: =precios_base!E36 -> 7999 | H73: ="consultar" -> consultar | I73: =precios_base!E37 -> 7999 | K73: ="consultar" -> consultar | L73: =precios_base!E38 -> 6999 | N73: ="consultar" -> consultar | O73: =precios_base!E39 -> 6999 | Q73: ="consultar" -> consultar
A74: totebag plástica tipo chandon 50x37x10 | C74: serigrafia | D74: 1 logo | E74: 1 color | F74: =precios_base!E40 -> 11990 | H74: ="consultar" -> consultar | I74: =precios_base!E41 -> 11990 | K74: ="consultar" -> consultar | L74: =precios_base!E42 -> 10900 | N74: ="consultar" -> consultar | O74: =precios_base!E43 -> 10900 | Q74: ="consultar" -> consultar
A76: REFERENCIAS: 🟢 Verde = precio completo calculado | 🟡 Amarillo = falta completar precio base o personalización

Sheet instrucciones_robot
A1: INSTRUCCIONES PARA LA PROGRAMADORA — Configuración del robot de IA
A3: LÓGICA DE PRECIO TOTAL
A4: Precio total por unidad | B4: precio_base (hoja precios_base) + precio_personalizacion (hoja precios_personalizacion)
A5: Sin personalización | B5: Usar solo precio_base. No sumar personalización.
A6: Con personalización | B6: precio_base + precio_personalizacion según combinación exacta
A8: VARIABLES QUE INGRESA EL USUARIO EN LA WEB
A9: 1. producto | B9: remera / buzo / gorra / piluso / totebag / botella / vaso / bolígrafo / llavero / etc.
A10: 2. variante | B10: blanca / negra / plástico / vidrio / metal (según producto)
A11: 3. cantidad | B11: mínimo 50 unidades. Buscar en rango correspondiente.
A12: 4. técnica | B12: serigrafia / dtf / bordado / grabado / laser / tampo / sin personalización
A13: 5. descripción personalización | B13: cantidad de logos / colores / tamaño del diseño según tabla
A15: REGLAS DE NEGOCIO
A16: Cantidad mínima | B16: 50 unidades. Mostrar error si el usuario ingresa menos.
A17: Rangos de cantidad | B17: 50-99 / 100-199 / 200-299 / 500+. Buscar el rango que corresponda.
A18: Precio vacío | B18: Si la celda está vacía (amarilla), mostrar 'consultar precio' al usuario.
A19: Precio total | B19: Mostrar precio unitario Y precio total (unitario × cantidad ingresada).
A20: Nota precio 100 remera negra | B20: El valor $210.000 en el PDF parece un error tipográfico. Verificar con el equipo antes de cargar.
A22: ACTUALIZACIÓN
A23: Cómo actualizar | B23: Modificar celdas amarillas y volver a subir el archivo al sistema.
A24: Frecuencia | B24: Revisar precios 1 vez por mes o ante cambios de proveedor.
